0,1
CASE01_01.png,49.193
CASE01_02.png,59.764
CASE01_03.png,72.209
CASE01_04.png,85.737
CASE01_05.png,102.537
CASE01_06.png,123.359
CASE01_07.png,156.149
CASE01_08.png,174.931
CASE01_09.png,187.523
CASE02_01.png,194.662
CASE02_02.png,198.366
CASE02_03.png,196.788
CASE02_04.png,197.342
CASE02_05.png,200.202
CASE02_06.png,201.48
CASE02_07.png,197.409
CASE02_08.png,185.996
CASE02_09.png,165.73
CASE02_10.png,153.971
CASE02_11.png,142.744
CASE03_01.png,11.337
CASE03_02.png,15.728
CASE03_03.png,21.492
CASE03_04.png,27.091
CASE03_05.png,32.278
CASE04_01.png,57.147
CASE04_02.png,73.89
CASE04_03.png,90.729
CASE04_04.png,110.563
CASE04_05.png,129.551
CASE04_06.png,156.908
CASE04_07.png,194.027
CASE04_08.png,225.75
CASE04_09.png,247.918
CASE04_10.png,269.766
CASE04_11.png,280.068
CASE04_12.png,283.626
CASE04_13.png,286.22
CASE04_14.png,295.744
CASE04_15.png,289.846
CASE04_16.png,287.79
CASE04_17.png,297.819
CASE04_18.png,304.211
CASE04_19.png,307.767
CASE04_20.png,308.377
CASE04_21.png,309.886
CASE04_22.png,315.078
CASE04_23.png,308.265
CASE04_24.png,315.785
CASE04_25.png,325.093
CASE04_26.png,322.216
CASE04_27.png,329.69
CASE05_01.png,1.472
CASE05_02.png,1.991
CASE05_03.png,2.658
CASE05_04.png,3.315
CASE05_05.png,4.253
CASE05_06.png,5.318
CASE05_07.png,6.035
CASE05_08.png,6.942
CASE05_09.png,9.218
CASE05_10.png,13.001
CASE05_11.png,16.668
CASE05_12.png,21.961
CASE05_13.png,27.872
CASE05_14.png,35.142
CASE05_15.png,41.602
CASE05_16.png,48.623
CASE05_17.png,58.904
CASE05_18.png,69.522
CASE05_19.png,85.606
CASE05_20.png,94.048
CASE05_21.png,56.841
CASE05_22.png,99.48
CASE05_23.png,82.743
CASE06_01.jpg,0.118
CASE06_02.jpg,0.5
CASE06_03.jpg,0.971
CASE06_04.jpg,1.371
CASE06_05.jpg,1.395
CASE06_06.jpg,1.956
CASE06_07.jpg,2.283
CASE06_08.jpg,4.698
CASE06_09.jpg,7.327
CASE06_10.jpg,10.241
CASE06_11.jpg,15.189
CASE07_01.jpg,165.769
CASE07_02.jpg,213.404
CASE07_03.jpg,262.77
CASE07_04.jpg,321.295
CASE07_05.jpg,333.104
CASE07_06.jpg,429.758
CASE07_07.jpg,395.947
CASE07_08.jpg,358.881
CASE07_09.jpg,426.32
CASE08_01.jpg,0.486
CASE08_02.jpg,0.869
CASE08_03.jpg,1.273
CASE08_04.jpg,1.748
CASE08_05.jpg,2.36
CASE08_06.jpg,3.329
CASE08_07.jpg,4.571
CASE08_08.jpg,6.537
CASE08_09.jpg,9.419
CASE08_10.jpg,14.134
CASE08_11.jpg,19.147
CASE09_01.jpg,232.012
CASE09_02.jpg,247.298
CASE09_03.jpg,263.449
CASE09_04.jpg,300.823
CASE09_05.jpg,361.841
CASE09_06.jpg,412.072
CASE09_07.jpg,425.715
CASE09_08.jpg,384.333
CASE09_09.jpg,481.375
CASE10_01.png,0.033
CASE10_02.png,0.059
CASE10_03.png,0.105
CASE10_04.png,0.121
CASE10_05.png,0.158
CASE10_06.png,0.512
CASE10_07.png,0.824
CASE10_08.png,1.324
CASE10_09.png,1.917
CASE10_10.png,2.541
CASE10_11.png,3.571
CASE10_12.png,5.461
CASE10_13.png,6.951
CASE10_14.png,8.686
CASE10_15.png,11.26
CASE10_16.png,14.563
CASE10_17.png,18.307
CASE10_18.png,21.18
CASE10_19.png,26.736
CASE10_20.png,29.958
CASE10_21.png,31.459
CASE10_22.png,32.423
CASE10_23.png,33.225
CASE10_24.png,35.72
CASE10_25.png,35.564
CASE10_26.png,35.622
CASE10_27.png,36.637
CASE10_28.png,35.984
CASE10_29.png,36.809
CASE10_30.png,37.47
CASE10_31.png,37.715
CASE10_32.png,36.331
CASE10_33.png,41.655
CASE10_34.png,45.489
CASE10_35.png,47.745
CASE10_36.png,49.847
CASE10_37.png,48.207
CASE10_38.png,45.474
CASE10_39.png,44.315
CASE10_40.png,43.172
CASE10_41.png,51.503
CASE10_42.png,50.994
CASE11_01.png,0.061
CASE11_02.png,0.03
CASE11_03.png,0.088
CASE11_04.png,0.113
CASE11_05.png,0.177
CASE11_06.png,0.403
CASE11_07.png,0.743
CASE11_08.png,1.238
CASE11_09.png,1.953
CASE11_10.png,2.523
CASE11_11.png,3.554
CASE11_12.png,5.506
CASE11_13.png,7.313
CASE11_14.png,9.312
CASE11_15.png,11.707
CASE11_16.png,15.229
CASE11_17.png,18.397
CASE11_18.png,21.624
CASE11_19.png,27.332
CASE11_20.png,29.229
CASE11_21.png,30.061
CASE11_22.png,30.855
CASE11_23.png,31.618
CASE11_24.png,32.012
CASE11_25.png,32.132
CASE11_26.png,32.24
CASE11_27.png,32.629
CASE11_28.png,29.495
CASE11_29.png,32.172
CASE11_30.png,32.621
CASE11_31.png,34.485
CASE11_32.png,32.071
CASE11_33.png,35.627
CASE11_34.png,43.269
CASE11_35.png,45.494
CASE11_36.png,44.702
CASE11_37.png,43.583
CASE11_38.png,43.596
CASE11_39.png,42.428
CASE11_40.png,39.61
CASE11_41.png,44.885
CASE12_01.png,0.025
CASE12_02.png,0.085
CASE12_03.png,0.118
CASE12_04.png,0.184
CASE12_05.png,0.345
CASE12_06.png,0.745
CASE12_07.png,1.174
CASE12_08.png,1.703
CASE12_09.png,2.345
CASE12_10.png,3.155
CASE12_11.png,4.673
CASE12_12.png,6.407
CASE12_13.png,7.71
CASE12_14.png,10.127
CASE12_15.png,13.664
CASE12_16.png,17.404
CASE12_17.png,20.122
CASE12_18.png,24.857
CASE12_19.png,30.439
CASE12_20.png,31.108
CASE12_21.png,32.219
CASE12_22.png,33.292
CASE12_23.png,34.62
CASE12_24.png,34.896
CASE12_25.png,34.11
CASE12_26.png,34.059
CASE12_27.png,34.981
CASE12_28.png,33.545
CASE12_29.png,33.074
CASE12_30.png,33.005
CASE12_31.png,34.829
CASE12_32.png,40.688
CASE12_33.png,41.236
CASE12_34.png,45.935
CASE12_35.png,49.514
CASE12_36.png,48.564
CASE12_37.png,44.351
CASE12_38.png,43.61
CASE12_39.png,43.051
CASE12_40.png,49.445
CASE12_41.png,45.209
CASE12_42.png,54.305
CASE13_01.png,0.054
CASE13_02.png,0.094
CASE13_03.png,0.114
CASE13_04.png,0.158
CASE13_05.png,0.398
CASE13_06.png,0.816
CASE13_07.png,1.322
CASE13_08.png,1.764
CASE13_09.png,2.447
CASE13_10.png,3.438
CASE13_11.png,4.845
CASE13_12.png,6.115
CASE13_13.png,7.526
CASE13_14.png,11.148
CASE13_15.png,14.451
CASE13_16.png,17.62
CASE13_17.png,20.535
CASE13_18.png,24.972
CASE13_19.png,30.506
CASE13_20.png,32.046
CASE13_21.png,33.408
CASE13_22.png,34.894
CASE13_23.png,35.414
CASE13_24.png,35.412
CASE13_25.png,35.449
CASE13_26.png,35.835
CASE13_27.png,36.723
CASE13_28.png,35.567
CASE13_29.png,36.409
CASE13_30.png,35.042
CASE13_31.png,35.661
CASE13_32.png,46.389
CASE13_33.png,43.961
CASE13_34.png,47.125
CASE13_35.png,50.563
CASE13_36.png,48.271
CASE13_37.png,44.942
CASE13_38.png,43.354
CASE13_39.png,43.78
CASE13_40.png,55.091
CASE13_41.png,47.719
CASE14_01.png,0.064
CASE14_02.png,0.13
CASE14_03.png,0.112
CASE14_04.png,0.186
CASE14_05.png,0.48
CASE14_06.png,0.916
CASE14_07.png,1.402
CASE14_08.png,1.843
CASE14_09.png,2.657
CASE14_10.png,3.694
CASE14_11.png,5.254
CASE14_12.png,6.507
CASE14_13.png,7.841
CASE14_14.png,11.408
CASE14_15.png,15.042
CASE14_16.png,17.422
CASE14_17.png,20.628
CASE14_18.png,26.108
CASE14_19.png,30.5
CASE14_20.png,31.94
CASE14_21.png,33.144
CASE14_22.png,34.862
CASE14_23.png,35.509
CASE14_24.png,35.496
CASE14_25.png,36.463
CASE14_26.png,36.701
CASE14_27.png,36.453
CASE14_28.png,36.607
CASE14_29.png,37.23
CASE14_30.png,37.076
CASE14_31.png,36.12
CASE14_32.png,45.993
CASE14_33.png,45.472
CASE14_34.png,48.1
CASE14_35.png,50.014
CASE14_36.png,48.375
CASE14_37.png,44.659
CASE14_38.png,43.648
CASE14_39.png,45.44
CASE14_40.png,54.657
CASE14_41.png,50.008
CASE15_01.jpg,0.23
CASE15_02.jpg,0.522
CASE15_03.jpg,1.093
CASE15_04.jpg,1.562
CASE15_05.jpg,1.752
CASE15_06.jpg,1.905
CASE15_07.jpg,2.161
CASE15_08.jpg,2.778
CASE15_09.jpg,5.591
CASE15_10.jpg,6.237
CASE15_11.jpg,14.143
CASE16_01.jpg,97.759
CASE16_02.jpg,119.077
CASE16_03.jpg,129.69
CASE16_04.jpg,204.469
CASE17_01.jpg,295.346
CASE17_02.jpg,288.597
CASE17_03.jpg,389.307
CASE18_01.jpg,0.668
CASE18_02.jpg,1.031
CASE18_03.jpg,1.373
CASE18_04.jpg,1.627
CASE18_05.jpg,1.481
CASE18_06.jpg,2.127
CASE18_07.jpg,3.158
CASE18_08.jpg,4.222
CASE18_09.jpg,6.223
CASE18_10.jpg,10.218
CASE18_11.jpg,14.736
CASE19_01.jpg,0.026
CASE19_02.jpg,0.29
CASE19_03.jpg,0.578
CASE19_04.jpg,0.747
CASE19_05.jpg,0.621
CASE20_01.jpg,1.01
CASE20_02.jpg,1.399
CASE20_03.jpg,1.91
CASE20_04.jpg,2.991
CASE20_05.jpg,3.811
CASE20_06.jpg,5.259
CASE20_07.jpg,6.911
CASE20_08.jpg,9.561
CASE20_09.jpg,13.555
CASE20_10.jpg,18.565
CASE20_11.jpg,24.119
CASE20_12.jpg,31.588
CASE21_01.jpg,141.114
CASE21_02.jpg,156.857
CASE21_03.jpg,176.14
CASE21_04.jpg,193.083
CASE21_05.jpg,200.547
CASE21_06.jpg,210.017
CASE21_07.jpg,236.414
CASE21_08.jpg,252.707
CASE22_01.jpg,0.335
CASE22_02.jpg,0.839
CASE22_03.jpg,1.346
CASE22_04.jpg,0.781
CASE22_05.jpg,0.358
CASE22_06.jpg,0.919
CASE22_07.jpg,1.385
CASE22_08.jpg,2.462
CASE22_09.jpg,3.186
CASE22_10.jpg,4.29
CASE22_11.jpg,6.484
CASE23_01.jpg,51.392
CASE23_02.jpg,61.783
CASE23_03.jpg,123.205
CASE23_04.jpg,169.785
CASE23_05.jpg,192.064
CASE23_06.jpg,180.948
CASE23_07.jpg,182.016
CASE23_08.jpg,178.35
CASE23_09.jpg,207.206
CASE24_01.png,13.287
CASE24_02.png,16.329
CASE24_03.png,22.746
CASE24_04.png,30.274
CASE24_05.png,40.434
CASE24_06.png,50.631
CASE24_07.png,62.844
CASE24_08.png,79.966
CASE24_09.png,100.101
CASE25_01.png,157.091
CASE25_02.png,179.448
CASE25_03.png,201.426
CASE25_04.png,215.627
CASE25_05.png,223.54
CASE25_06.png,230.811
CASE25_07.png,238.371
CASE25_08.png,244.485
CASE25_09.png,248.406
CASE25_10.png,248.822
CASE25_11.png,255.141
CASE25_12.png,255.794
CASE25_13.png,254.067
CASE25_14.png,254.35
CASE25_15.png,251.424
CASE25_16.png,249.873
CASE25_17.png,249.311
CASE25_18.png,250.275
CASE25_19.png,248.163
CASE25_20.png,241.791
CASE26_01.png,0.368
CASE26_02.png,1.007
CASE26_03.png,1.553
CASE26_04.png,2.115
CASE26_05.png,2.719
CASE26_06.png,3.356
CASE26_07.png,4.093
CASE26_08.png,5.132
CASE26_09.png,6.736
CASE26_10.png,8.82
CASE26_11.png,11.084
CASE26_12.png,12.978
CASE26_13.png,18.471
CASE26_14.png,25.13
CASE26_15.png,32.179
CASE26_16.png,43.948
CASE26_17.png,57.869
CASE26_18.png,67.104
CASE26_19.png,72.545
CASE26_20.png,76.408
CASE26_21.png,81.113
CASE26_22.png,84.111
CASE26_23.png,86.607
CASE26_24.png,86.497
CASE26_25.png,87.443
CASE26_26.png,86.65
CASE26_27.png,86.594
CASE26_28.png,88.088
CASE26_29.png,87.199
CASE26_30.png,76.068
CASE26_31.png,77.616
CASE26_32.png,75.398
CASE26_33.png,72.517
CASE26_34.png,66.635
CASE26_35.png,59.524
CASE26_36.png,53.517
CASE26_37.png,51.655
CASE26_38.png,48.308
CASE26_39.png,42.6
CASE26_40.png,38.751
CASE26_41.png,35.57
CASE26_42.png,38.381
CASE26_43.png,38.039
CASE26_44.png,33.471
CASE26_45.png,24.074
CASE26_46.png,25.447
CASE26_47.png,33.994
CASE27_01.jpg,0
CASE27_02.jpg,0.148
CASE27_03.jpg,0.514
CASE27_04.jpg,0.865
CASE27_05.jpg,1.252
CASE28_01.jpg,2.46
CASE28_02.jpg,2.89
CASE28_03.jpg,3.5
CASE28_04.jpg,4.162
CASE28_05.jpg,5.096
CASE28_06.jpg,7.069
CASE28_07.jpg,9.059
CASE28_08.jpg,11.866
CASE28_09.jpg,16.227
CASE28_10.jpg,23.388
CASE29_01.jpg,247.113
CASE29_02.jpg,281.176
CASE29_03.jpg,308.232
CASE29_04.jpg,326.903
CASE29_05.jpg,325.804
CASE29_06.jpg,343.533
CASE29_07.jpg,385.872
CASE29_08.jpg,418.81
CASE30_01.jpg,0
CASE30_02.jpg,0.39
CASE30_03.jpg,0.856
CASE30_04.jpg,1.361
CASE30_05.jpg,1.748
CASE30_06.jpg,2.249
CASE30_07.jpg,3.368
CASE30_08.jpg,5.498
CASE30_09.jpg,7.606
CASE30_10.jpg,11.277
CASE30_11.jpg,14.305
CASE31_01.jpg,171.552
CASE31_02.jpg,202
CASE31_03.jpg,244.189
CASE31_04.jpg,287.766
CASE31_05.jpg,302.834
CASE31_06.jpg,283.914
CASE31_07.jpg,295.089
CASE31_08.jpg,366.397
CASE31_09.jpg,401.508
CASE32_01.png,3.474
CASE32_02.png,4.492
CASE32_03.png,4.916
CASE32_04.png,7.164
CASE32_05.png,9.35
CASE32_06.png,11.129
CASE32_07.png,15.833
CASE32_08.png,19.783
CASE32_09.png,23.522
CASE32_10.png,28.08
CASE32_11.png,36.983
CASE32_12.png,50.006
CASE32_13.png,61.429
CASE32_14.png,75.914
CASE32_15.png,92.34
CASE32_16.png,110.591
CASE32_17.png,135.158
CASE32_18.png,162.196
CASE32_19.png,195.631
CASE32_20.png,223.183
CASE32_21.png,274.062
CASE32_22.png,307.825
CASE32_23.png,354.888
CASE32_24.png,401.315
CASE32_25.png,421.914
CASE32_26.png,461.639
CASE33_01.png,3.566
CASE33_02.png,4.488
CASE33_03.png,6.098
CASE33_04.png,7.991
CASE33_05.png,9.869
CASE33_06.png,13.459
CASE33_07.png,17.159
CASE33_08.png,20.304
CASE33_09.png,23.522
CASE33_10.png,31.675
CASE33_11.png,42.732
CASE33_12.png,54.322
CASE33_13.png,67.612
CASE33_14.png,82.465
CASE33_15.png,96.184
CASE33_16.png,117.433
CASE33_17.png,146.168
CASE33_18.png,169.989
CASE33_19.png,207.332
CASE33_20.png,238.963
CASE33_21.png,286.059
CASE33_22.png,309.098
CASE33_23.png,373.371
CASE33_24.png,393.46
CASE33_25.png,439.67
CASE34_01.png,0.217
CASE34_02.png,0.745
CASE34_03.png,1.633
CASE34_04.png,1.946
CASE34_05.png,2.478
CASE34_06.png,3.366
CASE34_07.png,4.529
CASE34_08.png,6.915
CASE34_09.png,8.787
CASE34_10.png,12.163
CASE34_11.png,16.583
CASE34_12.png,22.548
CASE34_13.png,31.166
CASE34_14.png,42.786
CASE34_15.png,52.281
CASE34_16.png,68.646
CASE34_17.png,88.734
CASE34_18.png,113.831
CASE34_19.png,136.669
CASE34_20.png,171.917
CASE34_21.png,202.168
CASE34_22.png,236.013
CASE34_23.png,275.752
CASE34_24.png,336.514
CASE34_25.png,372.455
CASE34_26.png,378.326
CASE34_27.png,444.465
CASE35_01.png,0.348
CASE35_02.png,1.157
CASE35_03.png,1.974
CASE35_04.png,2.575
CASE35_05.png,3.119
CASE35_06.png,4.434
CASE35_07.png,6.013
CASE35_08.png,8.432
CASE35_09.png,11.703
CASE35_10.png,15.088
CASE35_11.png,20.885
CASE35_12.png,28.298
CASE35_13.png,38.251
CASE35_14.png,49.132
CASE35_15.png,63.277
CASE35_16.png,83.856
CASE35_17.png,106.12
CASE35_18.png,133.164
CASE35_19.png,160.963
CASE35_20.png,190.768
CASE35_21.png,230.77
CASE35_22.png,277.233
CASE35_23.png,327.57
CASE35_24.png,376.46
CASE35_25.png,393.269
CASE35_26.png,433.624
CASE35_27.png,469.019
CASE36_01.png,0
CASE36_02.png,0.351
CASE36_03.png,0.882
CASE36_04.png,1.049
CASE36_05.png,1.892
CASE36_06.png,2.633
CASE36_07.png,4.176
CASE36_08.png,7.259
CASE36_09.png,8.982
CASE36_10.png,10.825
CASE36_11.png,14.491
CASE36_12.png,18.533
CASE36_13.png,24.864
CASE36_14.png,32.697
CASE36_15.png,42.302
CASE36_16.png,57.233
CASE36_17.png,72.754
CASE36_18.png,91.52
CASE36_19.png,119.261
CASE36_20.png,151.731
CASE36_21.png,176.502
CASE36_22.png,214.4
CASE36_23.png,252.328
CASE36_24.png,284.909
CASE36_25.png,320.89
CASE36_26.png,344.99
CASE36_27.png,352.687
CASE37_01.png,0.078
CASE37_02.png,0.807
CASE37_03.png,1.37
CASE37_04.png,1.705
CASE37_05.png,2.697
CASE37_06.png,5.36
CASE37_07.png,6.993
CASE37_08.png,8.88
CASE37_09.png,10.594
CASE37_10.png,13.465
CASE37_11.png,18.122
CASE37_12.png,23.059
CASE37_13.png,32.183
CASE37_14.png,39.392
CASE37_15.png,52.586
CASE37_16.png,70.208
CASE37_17.png,85.923
CASE37_18.png,111.158
CASE37_19.png,141.097
CASE37_20.png,169.117
CASE37_21.png,202.979
CASE37_22.png,253.528
CASE37_23.png,276.781
CASE37_24.png,311.464
CASE37_25.png,337.108
CASE37_26.png,356.505
CASE37_27.png,360.081
CASE38_01.png,0
CASE38_02.png,0.627
CASE38_03.png,0.827
CASE38_04.png,1.025
CASE38_05.png,1.691
CASE38_06.png,2.065
CASE38_07.png,2.905
CASE38_08.png,3.451
CASE38_09.png,4.399
CASE38_10.png,6.004
CASE38_11.png,7.311
CASE38_12.png,8.697
CASE38_13.png,14.228
CASE38_14.png,18.332
CASE38_15.png,20.891
CASE38_16.png,24.811
CASE38_17.png,36.064
CASE38_18.png,43.342
CASE38_19.png,53.242
CASE38_20.png,68.439
CASE38_21.png,86.683
CASE38_22.png,105.666
CASE38_23.png,125.237
CASE38_24.png,154.797
CASE38_25.png,177.92
CASE38_26.png,225.725
CASE38_27.png,260.569
CASE38_28.png,275.311
CASE39_01.png,0.061
CASE39_02.png,0.729
CASE39_03.png,0.843
CASE39_04.png,1.655
CASE39_05.png,2.037
CASE39_06.png,2.564
CASE39_07.png,3.136
CASE39_08.png,4.158
CASE39_09.png,5.176
CASE39_10.png,6.58
CASE39_11.png,8.086
CASE39_12.png,10.397
CASE39_13.png,13.741
CASE39_14.png,18.058
CASE39_15.png,26.419
CASE39_16.png,32.706
CASE39_17.png,40.363
CASE39_18.png,50.034
CASE39_19.png,64.913
CASE39_20.png,82.773
CASE39_21.png,101.224
CASE39_22.png,118.941
CASE39_23.png,140.452
CASE39_24.png,173.307
CASE39_25.png,217.023
CASE39_26.png,254.833
CASE39_27.png,272.898
CASE39_28.png,302.911
CASE40_01.png,0.093
CASE40_02.png,0.357
CASE40_03.png,0.637
CASE40_04.png,0.884
CASE40_05.png,1.8
CASE40_06.png,2.285
CASE40_07.png,2.927
CASE40_08.png,4.236
CASE40_09.png,6.351
CASE40_10.png,8.544
CASE40_11.png,11.539
CASE40_12.png,16.548
CASE40_13.png,19.796
CASE40_14.png,29.371
CASE40_15.png,36.685
CASE40_16.png,47.871
CASE40_17.png,61.067
CASE40_18.png,76.092
CASE40_19.png,98.23
CASE40_20.png,113.544
CASE40_21.png,137.349
CASE40_22.png,160.947
CASE40_23.png,204.192
CASE40_24.png,253.593
CASE40_25.png,271.787
CASE40_26.png,310.704
CASE40_27.png,337.736
CASE41_01.png,0.24
CASE41_02.png,0.61
CASE41_03.png,0.871
CASE41_04.png,1.557
CASE41_05.png,2.391
CASE41_06.png,2.977
CASE41_07.png,4.088
CASE41_08.png,5.977
CASE41_09.png,8.193
CASE41_10.png,11.181
CASE41_11.png,16.232
CASE41_12.png,21.481
CASE41_13.png,27.728
CASE41_14.png,35.671
CASE41_15.png,45.779
CASE41_16.png,60.008
CASE41_17.png,74.575
CASE41_18.png,92.388
CASE41_19.png,112.668
CASE41_20.png,130.217
CASE41_21.png,159.44
CASE41_22.png,199.63
CASE41_23.png,230.42
CASE41_24.png,270.83
CASE41_25.png,298.564
CASE41_26.png,336.041
CASE41_27.png,360.455
CASE42_01.png,1.389
CASE42_02.png,1.141
CASE42_03.png,1.679
CASE42_04.png,2.952
CASE42_05.png,4.028
CASE42_06.png,5.039
CASE42_07.png,6.294
CASE42_08.png,7.851
CASE42_09.png,9.367
CASE42_10.png,12.014
CASE42_11.png,14.431
CASE42_12.png,16.38
CASE42_13.png,20.382
CASE42_14.png,23.302
CASE42_15.png,30.619
CASE42_16.png,35.093
CASE42_17.png,40.411
CASE42_18.png,43.244
CASE42_19.png,55.415
CASE42_20.png,69.398
CASE42_21.png,83.918
CASE42_22.png,106.825
CASE42_23.png,127.014
CASE42_24.png,160.211
CASE42_25.png,184.96
CASE42_26.png,232.326
CASE42_27.png,272.065
CASE42_28.png,290.788
CASE43_01.png,1.629
CASE43_02.png,2.231
CASE43_03.png,2.815
CASE43_04.png,3.807
CASE43_05.png,4.649
CASE43_06.png,5.838
CASE43_07.png,7.385
CASE43_08.png,9.249
CASE43_09.png,10.93
CASE43_10.png,14.02
CASE43_11.png,16.386
CASE43_12.png,19.236
CASE43_13.png,23.159
CASE43_14.png,29.254
CASE43_15.png,34.84
CASE43_16.png,40.816
CASE43_17.png,46.509
CASE43_18.png,58.03
CASE43_19.png,68.163
CASE43_20.png,81.844
CASE43_21.png,99.614
CASE43_22.png,122.955
CASE43_23.png,143.913
CASE43_24.png,179.922
CASE43_25.png,230.938
CASE43_26.png,263.051
CASE43_27.png,277.736
CASE43_28.png,308.673
CASE44_01.png,1.034
CASE44_02.png,1.798
CASE44_03.png,2.24
CASE44_04.png,2.565
CASE44_05.png,3.355
CASE44_06.png,4.421
CASE44_07.png,5.134
CASE44_08.png,7.576
CASE44_09.png,8.389
CASE44_10.png,11.947
CASE44_11.png,14.664
CASE44_12.png,21.572
CASE44_13.png,25.334
CASE44_14.png,35.283
CASE44_15.png,46.658
CASE44_16.png,64.996
CASE44_17.png,85.187
CASE44_18.png,100.771
CASE44_19.png,121.05
CASE44_20.png,151.283
CASE44_21.png,181.646
CASE44_22.png,220.446
CASE44_23.png,263.397
CASE44_24.png,309.385
CASE44_25.png,350.523
CASE44_26.png,359.838
CASE44_27.png,370.07
CASE45_01.png,1.27
CASE45_02.png,2.137
CASE45_03.png,2.931
CASE45_04.png,3.534
CASE45_05.png,4.862
CASE45_06.png,5.565
CASE45_07.png,7.746
CASE45_08.png,10.198
CASE45_09.png,11.91
CASE45_10.png,16.106
CASE45_11.png,19.306
CASE45_12.png,26.998
CASE45_13.png,34.203
CASE45_14.png,45.654
CASE45_15.png,61.333
CASE45_16.png,41.239
CASE45_17.png,98.233
CASE45_18.png,116.195
CASE45_19.png,142.855
CASE45_20.png,168.86
CASE45_21.png,212.432
CASE45_22.png,249.828
CASE45_23.png,304.535
CASE45_24.png,357.702
CASE45_25.png,364.518
CASE45_26.png,357.875
CASE45_27.png,334.579
CASE46_01.png,1.489
CASE46_02.png,2.717
CASE46_03.png,3.857
CASE46_04.png,5.222
CASE46_05.png,7.422
CASE46_06.png,9.319
CASE46_07.png,11.812
CASE46_08.png,14.825
CASE46_09.png,18.405
CASE46_10.png,24.189
CASE46_11.png,31.241
CASE46_12.png,43.005
CASE46_13.png,56.758
CASE46_14.png,71.147
CASE47_01.png,125.765
CASE47_02.png,150.61
CASE47_03.png,180.559
CASE47_04.png,199.059
CASE47_05.png,211.385
CASE47_06.png,220.357
CASE47_07.png,224.515
CASE47_08.png,227.271
CASE47_09.png,229.43
CASE47_10.png,230.316
CASE47_11.png,236.228
CASE48_01.png,234.509
CASE48_02.png,231.219
CASE49_01.png,0.059
CASE49_02.png,0.33
CASE49_03.png,1.046
CASE49_04.png,1.768
CASE49_05.png,2.687
CASE49_06.png,4.283
CASE49_07.png,6.28
CASE49_08.png,8.245
CASE49_09.png,10.742
CASE49_10.png,13.162
CASE49_11.png,17.273
CASE49_12.png,21.517
CASE49_13.png,28.062
CASE49_14.png,35.146
CASE49_15.png,41.477
CASE49_16.png,45.842
CASE49_17.png,48.929
CASE49_18.png,47.988
CASE49_19.png,49.721
CASE49_20.png,51.066
CASE49_21.png,50.67
CASE49_22.png,53.516
CASE49_23.png,56.192
CASE49_24.png,57.665
CASE49_25.png,59.518
CASE49_26.png,60.599
CASE49_27.png,61.358
CASE49_28.png,63.529
CASE49_29.png,65.199
CASE49_30.png,66.225
CASE49_31.png,69.165
CASE49_32.png,70.232
CASE49_33.png,68.305
CASE49_34.png,69.554
CASE49_35.png,72.017
CASE49_36.png,73.147
CASE49_37.png,74.549
CASE49_38.png,74.015
CASE50_01.png,0.152
CASE50_02.png,1.024
CASE50_03.png,0.783
CASE50_04.png,1.086
CASE50_05.png,1.665
CASE50_06.png,2.174
CASE50_07.png,2.637
CASE50_08.png,3.762
CASE50_09.png,4.918
CASE50_10.png,6.367
CASE50_11.png,7.64
CASE50_12.png,8.572
CASE50_13.png,12.48
CASE50_14.png,16.644
CASE50_15.png,21.881
CASE50_16.png,26.947
CASE50_17.png,30.686
CASE50_18.png,35.432
CASE50_19.png,40.723
CASE50_20.png,50.393
CASE50_21.png,60.21
CASE50_22.png,72.274
CASE50_23.png,86.97
CASE50_24.png,100.123
CASE50_25.png,113.281
CASE50_26.png,144.931
CASE50_27.png,164.29
CASE50_28.png,183.74
CASE51_01.png,0.297
CASE51_02.png,0.582
CASE51_03.png,1.003
CASE51_04.png,1.936
CASE51_05.png,2.543
CASE51_06.png,2.708
CASE51_07.png,3.311
CASE51_08.png,4.399
CASE51_09.png,6.531
CASE51_10.png,8.059
CASE51_11.png,9.574
CASE51_12.png,12.999
CASE51_13.png,14.545
CASE51_14.png,19.546
CASE51_15.png,24.35
CASE51_16.png,29.178
CASE51_17.png,34.338
CASE51_18.png,42.012
CASE51_19.png,49.574
CASE51_20.png,59.01
CASE51_21.png,68.124
CASE51_22.png,80.987
CASE51_23.png,97.228
CASE51_24.png,109.937
CASE51_25.png,139.732
CASE51_26.png,159.879
CASE51_27.png,174.393
CASE51_28.png,202.617
CASE52_01.png,0.037
CASE52_02.png,0.563
CASE52_03.png,1.509
CASE52_04.png,2.185
CASE52_05.png,3.996
CASE52_06.png,4.994
CASE52_07.png,6.304
CASE52_08.png,8.371
CASE52_09.png,12.129
CASE52_10.png,15.238
CASE52_11.png,19.266
CASE52_12.png,27.784
CASE52_13.png,35.639
CASE52_14.png,50.571
CASE52_15.png,61.099
CASE52_16.png,80.258
CASE52_17.png,101.087
CASE52_18.png,118.189
CASE52_19.png,134.438
CASE52_20.png,151.72
CASE52_21.png,176.071
CASE52_22.png,205.099
CASE52_23.png,224.083
CASE52_24.png,267.625
CASE52_25.png,319.349
CASE52_26.png,332.087
CASE52_27.png,364.701
CASE53_01.png,0.154
CASE53_02.png,1.222
CASE53_03.png,2.185
CASE53_04.png,3.072
CASE53_05.png,5.28
CASE53_06.png,5.839
CASE53_07.png,8.057
CASE53_08.png,11.732
CASE53_09.png,15.739
CASE53_10.png,20.077
CASE53_11.png,27.843
CASE53_12.png,33.923
CASE53_13.png,45.802
CASE53_14.png,57.567
CASE53_15.png,73.138
CASE53_16.png,95.45
CASE53_17.png,118.834
CASE53_18.png,141.675
CASE53_19.png,160.001
CASE53_20.png,170.629
CASE53_21.png,203.625
CASE53_22.png,243.899
CASE53_23.png,266.318
CASE53_24.png,307.49
CASE53_25.png,351.648
CASE53_26.png,361.912
CASE53_27.png,373.203
CASE54_01.png,0.44
CASE54_02.png,0.715
CASE54_03.png,0.948
CASE54_04.png,1.529
CASE54_05.png,2.12
CASE54_06.png,2.52
CASE54_07.png,3.21
CASE54_08.png,3.85
CASE54_09.png,5.073
CASE54_10.png,5.863
CASE54_11.png,7.296
CASE54_12.png,8.988
CASE54_13.png,11.885
CASE54_14.png,14.457
CASE54_15.png,20.583
CASE54_16.png,25.733
CASE54_17.png,29.37
CASE54_18.png,34.807
CASE54_19.png,42.927
CASE54_20.png,50.596
CASE54_21.png,61.876
CASE54_22.png,75.553
CASE54_23.png,90.425
CASE54_24.png,104.852
CASE54_25.png,120.076
CASE54_26.png,156.819
CASE54_27.png,177.689
CASE54_28.png,187.18
CASE55_01.png,0.618
CASE55_02.png,1.055
CASE55_03.png,1.273
CASE55_04.png,1.89
CASE55_05.png,2.515
CASE55_06.png,3.147
CASE55_07.png,3.985
CASE55_08.png,4.76
CASE55_09.png,5.832
CASE55_10.png,7.212
CASE55_11.png,8.297
CASE55_12.png,11.203
CASE55_13.png,13.761
CASE55_14.png,17.781
CASE55_15.png,23.557
CASE55_16.png,29.042
CASE55_17.png,32.799
CASE55_18.png,39.313
CASE55_19.png,48.334
CASE55_20.png,58.008
CASE55_21.png,70.404
CASE55_22.png,83.589
CASE55_23.png,100.073
CASE55_24.png,119.721
CASE55_25.png,145.874
CASE55_26.png,173.524
CASE55_27.png,186.284
CASE55_28.png,201.571
CASE56_01.png,0.149
CASE56_02.png,0.778
CASE56_03.png,1
CASE56_04.png,0.95
CASE56_05.png,1.285
CASE56_06.png,1.472
CASE56_07.png,1.894
CASE56_08.png,2.861
CASE56_09.png,3.374
CASE56_10.png,4.145
CASE56_11.png,4.746
CASE56_12.png,6.731
CASE56_13.png,8.607
CASE56_14.png,18.281
CASE56_15.png,22.311
CASE56_16.png,30.994
CASE56_17.png,38.958
CASE56_18.png,53.014
CASE56_19.png,66.327
CASE56_20.png,72.304
CASE56_21.png,93.784
CASE56_22.png,119.059
CASE56_23.png,131.028
CASE56_24.png,160.933
CASE56_25.png,179.876
CASE56_26.png,219.15
CASE56_27.png,227.165
CASE57_01.png,0.275
CASE57_02.png,1.155
CASE57_03.png,1.162
CASE57_04.png,1.406
CASE57_05.png,1.791
CASE57_06.png,2.05
CASE57_07.png,2.76
CASE57_08.png,3.889
CASE57_09.png,4.674
CASE57_10.png,5.669
CASE57_11.png,7.096
CASE57_12.png,12.138
CASE57_13.png,17.865
CASE57_14.png,23.115
CASE57_15.png,29.282
CASE57_16.png,38.09
CASE57_17.png,50.375
CASE57_18.png,64.794
CASE57_19.png,79.14
CASE57_20.png,88.423
CASE57_21.png,113.179
CASE57_22.png,141.528
CASE57_23.png,143.279
CASE57_24.png,176.769
CASE57_25.png,207.281
CASE57_26.png,241.46
CASE57_27.png,266.695
CASE58_01.png,0.291
CASE58_02.png,0.875
CASE58_03.png,1.437
CASE58_04.png,1.813
CASE58_05.png,2.483
CASE58_06.png,3.719
CASE58_07.png,4.985
CASE58_08.png,7
CASE58_09.png,8.732
CASE58_10.png,10.727
CASE58_11.png,13.95
CASE58_12.png,17.931
CASE58_13.png,23.123
CASE58_14.png,32.079
CASE58_15.png,42.731
CASE58_16.png,53.559
CASE58_17.png,69.067
CASE58_18.png,90.919
CASE58_19.png,115.96
CASE58_20.png,141.866
CASE58_21.png,167.456
CASE58_22.png,183.925
CASE58_23.png,200.585
CASE58_24.png,214.632
CASE58_25.png,222.381
CASE58_26.png,227.741
CASE58_27.png,229.616
CASE58_28.png,227.606
CASE58_29.png,233.216
CASE58_30.png,233.949
CASE58_31.png,237.722
CASE58_32.png,235.496
CASE58_33.png,231.617
CASE59_01.png,0.291
CASE59_02.png,0.875
CASE59_03.png,1.437
CASE59_04.png,1.813
CASE59_05.png,2.483
CASE59_06.png,3.719
CASE59_07.png,4.985
CASE59_08.png,7
CASE59_09.png,8.732
CASE59_10.png,10.727
CASE59_11.png,13.95
CASE59_12.png,17.931
CASE59_13.png,23.123
CASE59_14.png,32.079
CASE59_15.png,42.731
CASE59_16.png,53.559
CASE59_17.png,69.067
CASE59_18.png,90.919
CASE59_19.png,115.96
CASE59_20.png,141.866
CASE59_21.png,167.456
CASE59_22.png,183.925
CASE59_23.png,200.585
CASE59_24.png,214.632
CASE59_25.png,222.381
CASE59_26.png,227.741
CASE59_27.png,229.616
CASE59_28.png,227.606
CASE59_29.png,233.216
CASE59_30.png,233.949
CASE59_31.png,237.722
CASE59_32.png,235.496
CASE59_33.png,231.617
CASE60_01.png,2.131
CASE60_02.png,3.186
CASE60_03.png,4.52
CASE60_04.png,6.477
CASE60_05.png,8.971
CASE60_06.png,11.719
CASE60_07.png,16.36
CASE60_08.png,22.644
CASE60_09.png,29.876
CASE60_10.png,36.052
CASE60_11.png,39.444
CASE60_12.png,42.369
CASE60_13.png,43.104
CASE60_14.png,42.753
CASE60_15.png,42.212
CASE60_16.png,36.899
CASE60_17.png,38.633
CASE60_18.png,39.758
CASE60_19.png,40.358
CASE60_20.png,39.911
CASE60_21.png,39.742
CASE60_22.png,38.521
CASE60_23.png,35.483
CASE60_24.png,30.554
CASE60_25.png,27.781
CASE60_26.png,26.545
CASE60_27.png,22.951
CASE60_28.png,20.863
CASE60_29.png,18.516
CASE60_30.png,18.501
CASE60_31.png,17.354
CASE60_32.png,15.119
CASE60_33.png,14.802
CASE60_34.png,12.495
CASE61_01.png,1.001
CASE61_02.png,1.434
CASE61_03.png,1.378
CASE61_04.png,2.198
CASE61_05.png,2.502
CASE61_06.png,3.375
CASE61_07.png,4.224
CASE61_08.png,5.529
CASE61_09.png,7.128
CASE61_10.png,7.922
CASE61_11.png,9.737
CASE61_12.png,12.335
CASE61_13.png,15.796
CASE61_14.png,19.505
CASE61_15.png,25.151
CASE61_16.png,30.886
CASE61_17.png,37.746
CASE61_18.png,44.097
CASE61_19.png,54.752
CASE61_20.png,68.473
CASE61_21.png,79.222
CASE61_22.png,94.746
CASE61_23.png,109.827
CASE61_24.png,126.692
CASE61_25.png,146.71
CASE61_26.png,177.901
CASE61_27.png,196.837
CASE61_28.png,204.018
CASE62_01.png,1.059
CASE62_02.png,1.634
CASE62_03.png,1.999
CASE62_04.png,2.427
CASE62_05.png,3.371
CASE62_06.png,4.015
CASE62_07.png,4.789
CASE62_08.png,6.183
CASE62_09.png,7.46
CASE62_10.png,9.175
CASE62_11.png,11.405
CASE62_12.png,15.18
CASE62_13.png,17.299
CASE62_14.png,22.003
CASE62_15.png,29.117
CASE62_16.png,34.167
CASE62_17.png,42.386
CASE62_18.png,51.009
CASE62_19.png,63.471
CASE62_20.png,75.222
CASE62_21.png,90.699
CASE62_22.png,103.826
CASE62_23.png,121.073
CASE62_24.png,140.776
CASE62_25.png,169.959
CASE62_26.png,193.448
CASE62_27.png,205.564
CASE62_28.png,203.578
CASE63_01.png,0.633
CASE63_02.png,1.171
CASE63_03.png,1.553
CASE63_04.png,1.978
CASE63_05.png,2.686
CASE63_06.png,3.482
CASE63_07.png,4.785
CASE63_08.png,5.818
CASE63_09.png,7.823
CASE63_10.png,10.086
CASE63_11.png,13.43
CASE63_12.png,19.597
CASE63_13.png,26.837
CASE63_14.png,39.052
CASE63_15.png,50.586
CASE63_16.png,65.435
CASE63_17.png,80.252
CASE63_18.png,105.498
CASE63_19.png,131.931
CASE63_20.png,166.209
CASE63_21.png,182.148
CASE63_22.png,203.338
CASE63_23.png,214.077
CASE63_24.png,249.624
CASE64_01.png,0.804
CASE64_02.png,1.473
CASE64_03.png,2.013
CASE64_04.png,1.877
CASE64_05.png,3.236
CASE64_06.png,4.001
CASE64_07.png,5.759
CASE64_08.png,7.504
CASE64_09.png,9.409
CASE64_10.png,12.614
CASE64_11.png,17.463
CASE64_12.png,25.164
CASE64_13.png,35.12
CASE64_14.png,44.441
CASE64_15.png,58.898
CASE64_16.png,74.584
CASE64_17.png,96.262
CASE64_18.png,125.066
CASE64_19.png,151.75
CASE64_20.png,176.689
CASE64_21.png,202.012
CASE64_22.png,219.052
CASE64_23.png,230.769
CASE65_01.png,274.313
CASE65_02.png,324.452
CASE66_01.png,298.036
CASE67_01.png,1.652
CASE67_02.png,2.089
CASE67_03.png,1.986
CASE67_04.png,3.002
CASE67_05.png,3.863
CASE67_06.png,4.91
CASE67_07.png,6.24
CASE67_08.png,7.332
CASE67_09.png,8.806
CASE67_10.png,11.106
CASE67_11.png,13.052
CASE67_12.png,15.382
CASE67_13.png,19.995
CASE67_14.png,23.454
CASE67_15.png,29.242
CASE67_16.png,35.084
CASE67_17.png,41.499
CASE67_18.png,48.152
CASE67_19.png,56.159
CASE67_20.png,69.652
CASE67_21.png,83.924
CASE67_22.png,107.044
CASE67_23.png,127.865
CASE67_24.png,154.809
CASE67_25.png,185.538
CASE67_26.png,231.492
CASE67_27.png,270.296
CASE67_28.png,302.396
CASE68_01.png,1.736
CASE68_02.png,2.372
CASE68_03.png,2.802
CASE68_04.png,3.73
CASE68_05.png,4.531
CASE68_06.png,5.751
CASE68_07.png,7.149
CASE68_08.png,8.322
CASE68_09.png,10.16
CASE68_10.png,12.262
CASE68_11.png,14.339
CASE68_12.png,17.861
CASE68_13.png,23.027
CASE68_14.png,27.305
CASE68_15.png,32.41
CASE68_16.png,39.394
CASE68_17.png,46.069
CASE68_18.png,55.564
CASE68_19.png,67.041
CASE68_20.png,80.652
CASE68_21.png,97.7
CASE68_22.png,118.717
CASE68_23.png,146.281
CASE68_24.png,172.357
CASE68_25.png,228.559
CASE68_26.png,261.068
CASE68_27.png,282.527
CASE68_28.png,325.34
CASE69_01.png,0.951
CASE69_02.png,1.243
CASE69_03.png,1.535
CASE69_04.png,1.924
CASE69_05.png,2.381
CASE69_06.png,3.064
CASE69_07.png,4.12
CASE69_08.png,5.913
CASE69_09.png,7.045
CASE69_10.png,8.571
CASE69_11.png,12.025
CASE69_12.png,15.853
CASE69_13.png,19.756
CASE69_14.png,25.514
CASE69_15.png,33.227
CASE69_16.png,42.639
CASE69_17.png,53.978
CASE69_18.png,65.967
CASE69_19.png,79.018
CASE69_20.png,99.009
CASE69_21.png,126.079
CASE69_22.png,153.766
CASE70_01.png,194.275
CASE70_02.png,202.623
CASE70_03.png,240.142
CASE70_04.png,273.045
CASE70_05.png,305.591
CASE70_06.png,317.755
CASE70_07.png,327.612
CASE70_08.png,333.874
CASE70_09.png,336.586
CASE70_10.png,351.26
CASE70_11.png,361.317
CASE70_12.png,364.061
CASE70_13.png,369.557
CASE70_14.png,369.356
CASE70_15.png,370.403
CASE70_16.png,325.288
CASE70_17.png,263.336
CASE70_18.png,227.082
CASE70_19.png,205.831
CASE70_20.png,183.62
CASE70_21.png,156.489
CASE70_22.png,134.076
CASE70_23.png,118.905
CASE70_24.png,102.887
CASE71_01.png,0.025
CASE71_02.png,0.027
CASE71_03.png,0
CASE71_04.png,0
CASE71_05.png,0
CASE71_06.png,0
CASE71_07.png,0.104
CASE71_08.png,0.214
CASE71_09.png,0.189
CASE71_10.png,0.203
CASE71_11.png,0.464
CASE71_12.png,0.44
CASE71_13.png,0.857
CASE71_14.png,0.823
CASE71_15.png,1.271
CASE71_16.png,1.819
CASE71_17.png,2.647
CASE71_18.png,3.392
CASE71_19.png,3.839
CASE71_20.png,4.686
CASE71_21.png,7.863
CASE71_22.png,10.619
CASE71_23.png,13.645
CASE71_24.png,18.527
CASE71_25.png,23.717
CASE71_26.png,31.696
CASE71_27.png,39.665
CASE71_28.png,51.594
CASE71_29.png,61.451
CASE71_30.png,74.409
CASE71_31.png,87.923
CASE71_32.png,93.19
CASE72_01.png,102.457
CASE72_02.png,107.045
CASE72_03.png,106.331
CASE72_04.png,106.434
CASE72_05.png,108.026
CASE72_06.png,81.13
CASE72_07.png,83.402
CASE72_08.png,82.783
CASE72_09.png,81.838
CASE72_10.png,83.503
CASE73_01.png,79.037
CASE73_02.png,43.882
CASE73_03.png,51.265
CASE73_04.png,109.29
CASE73_05.png,151.981
CASE73_06.png,203.851
CASE73_07.png,231.503
CASE73_08.png,253.549
CASE73_09.png,264.121
CASE73_10.png,81.278
CASE73_11.png,106.955
CASE73_12.png,114.172
CASE73_13.png,121.165
CASE73_14.png,73.522
CASE73_15.png,80.074
CASE73_16.png,83.934
CASE73_17.png,89.353
CASE73_18.png,89.938
CASE73_19.png,90.672
CASE73_20.png,91.125
CASE73_21.png,93.852
CASE73_22.png,94.867
CASE73_23.png,89.872
CASE73_24.png,91.174
CASE73_25.png,88.145
CASE73_26.png,89.709
CASE73_27.png,92.417
CASE73_28.png,92.315
CASE73_29.png,89.069
CASE73_30.png,75.478
CASE73_31.png,60.492
CASE73_32.png,40.937
CASE73_33.png,26.718
CASE73_34.png,15.702
CASE74_01.png,1.406
CASE74_02.png,2.13
CASE74_03.png,2.803
CASE74_04.png,3.321
CASE74_05.png,4.791
CASE74_06.png,6.531
CASE74_07.png,8.36
CASE74_08.png,11.216
CASE74_09.png,14.992
CASE74_10.png,19.122
CASE74_11.png,24.574
CASE74_12.png,32.828
CASE74_13.png,42.638
CASE74_14.png,56.133
CASE74_15.png,73.969
CASE74_16.png,92.697
CASE74_17.png,112.762
CASE74_18.png,138.516
CASE74_19.png,166.882
CASE74_20.png,178.519
CASE74_21.png,187.932
CASE74_22.png,198.023
CASE74_23.png,206.349
CASE74_24.png,211.002
CASE74_25.png,211.497
CASE74_26.png,214.116
CASE74_27.png,214.293
CASE75_01.png,210.872
CASE75_02.png,209.824
